i,xi,xi+1,er%
0,16.5,15.20546799734428,8.513595259822432
1,15.20546799734428,14.895752345964517,2.0792212718525076
2,14.895752345964517,14.812508692243554,0.5619821425964998
3,14.812508692243554,14.789481844049265,0.1556974641647424
4,14.789481844049265,14.783062303271052,0.043424972759481324
5,14.783062303271052,14.781268758681408,0.012133901486571409
6,14.781268758681408,14.78076736106337,0.0033922299552507215
7,14.78076736106337,14.780627168320999,0.0009484898088214933
